"https://illumination-k.dev/techblog/posts/rust_tips","https://illumination-k.dev/techblog/post/a7bc2978-62bd-46da-849b-1296f1224077","301"
"https://illumination-k.dev/techblog/posts/rust_slice_clone","https://illumination-k.dev/techblog/post/8ec82480-1a64-410f-b734-a2c82a51ba16","301"
"https://illumination-k.dev/techblog/posts/polars_pandas","https://illumination-k.dev/techblog/post/2765c476-939f-4f14-8520-83dd3dd2ada2","301"
"https://illumination-k.dev/techblog/posts/linked_list","https://illumination-k.dev/techblog/post/1e25178b-a7d5-499a-b05f-80c0f57c16f2","301"
"https://illumination-k.dev/techblog/posts/impl_ops","https://illumination-k.dev/techblog/post/35581b9a-26d4-41c2-9c5f-e00729e8b184","301"
"https://illumination-k.dev/techblog/posts/github_actions_release_cross","https://illumination-k.dev/techblog/post/8359beab-daec-4977-a8cf-d2064cbed808","301"
"https://illumination-k.dev/techblog/posts/excvr_rust_analyzer","https://illumination-k.dev/techblog/post/0f2daab3-6590-46a9-976d-7e9565eade24","301"
"https://illumination-k.dev/techblog/posts/cmfmt","https://illumination-k.dev/techblog/post/2e78a536-3dc2-4a4f-81aa-5f20e1db76a1","301"
"https://illumination-k.dev/techblog/posts/actix_web_diesel","https://illumination-k.dev/techblog/post/61427e60-48c8-480b-bdbf-b5f846149c3a","301"
"https://illumination-k.dev/techblog/posts/upsetplot_python","https://illumination-k.dev/techblog/post/5483c0e5-9b17-43d3-aa07-dfaeae1846f8","301"
"https://illumination-k.dev/techblog/posts/setup_sqlalchemy","https://illumination-k.dev/techblog/post/d25f2fac-eda2-4f52-8a33-4d772c21ce06","301"
"https://illumination-k.dev/techblog/posts/python_class_init","https://illumination-k.dev/techblog/post/9da1ffd1-a76f-410b-a2d9-a44bb98b1f88","301"
"https://illumination-k.dev/techblog/posts/python_beeswarm_plot","https://illumination-k.dev/techblog/post/80f0dad5-5ede-4e2a-950e-44350e6571b8","301"
"https://illumination-k.dev/techblog/posts/matplotlib_scraps","https://illumination-k.dev/techblog/post/fbee489f-126d-4947-8391-346044211d7c","301"
"https://illumination-k.dev/techblog/posts/django_pylance_import","https://illumination-k.dev/techblog/post/e3ab21c6-87bd-48cd-a011-c925b423164f","301"
"https://illumination-k.dev/techblog/posts/colorbar_and_normvalue","https://illumination-k.dev/techblog/post/3c6ce746-bee5-461d-afca-17969c0281fd","301"
"https://illumination-k.dev/techblog/posts/wsl_alittele_comfortable","https://illumination-k.dev/techblog/post/460e0d7f-5fef-434f-a6e0-1eea3b9f365f","301"
"https://illumination-k.dev/techblog/posts/utility_webservice","https://illumination-k.dev/techblog/post/6f772004-78ea-4a36-b240-9ea3d12cd6c4","301"
"https://illumination-k.dev/techblog/posts/peco_powershell","https://illumination-k.dev/techblog/post/432eaa6e-f795-4bf5-9f8d-443fd0c7e917","301"
"https://illumination-k.dev/techblog/posts/git_scrapts","https://illumination-k.dev/techblog/post/f35e013e-6067-44ec-a1e2-706e82ac2c3e","301"
"https://illumination-k.dev/techblog/posts/bash_permission","https://illumination-k.dev/techblog/post/6d75c101-9f84-4208-986c-605b5298a4ad","301"
"https://illumination-k.dev/techblog/posts/bash_1liner","https://illumination-k.dev/techblog/post/9f833f29-019d-447c-af34-caf44abc5132","301"
"https://illumination-k.dev/techblog/posts/react_typescript_di","https://illumination-k.dev/techblog/post/c74c30d5-f98b-45f1-af7d-e7e612184742","301"
"https://illumination-k.dev/techblog/posts/react_plotly_bundle","https://illumination-k.dev/techblog/post/1c2d022d-dabc-4a33-9483-0faecba52618","301"
"https://illumination-k.dev/techblog/posts/prisma_next_simple_crud","https://illumination-k.dev/techblog/post/2e20078f-198e-4a45-92d1-d73fed726eca","301"
"https://illumination-k.dev/techblog/posts/nextjs_gae","https://illumination-k.dev/techblog/post/59907b94-6fbc-4f69-ad82-09140f30edb1","301"
"https://illumination-k.dev/techblog/posts/next_config_js_summary","https://illumination-k.dev/techblog/post/3eca6f16-95ec-4df2-b232-309b38b28fea","301"
"https://illumination-k.dev/techblog/posts/material_ui_scraps","https://illumination-k.dev/techblog/post/65fdce8c-8796-4caa-ae67-e1980d8ce3c2","301"
"https://illumination-k.dev/techblog/posts/make_blog_8","https://illumination-k.dev/techblog/post/0ad74ef3-f869-46e3-aae6-db2825ef5493","301"
"https://illumination-k.dev/techblog/posts/make_blog_7","https://illumination-k.dev/techblog/post/178a4f3e-b473-446f-9bdb-242b671656cc","301"
"https://illumination-k.dev/techblog/posts/make_blog_6","https://illumination-k.dev/techblog/post/de7a6d47-03d6-430c-a7e5-406aa96e7b7c","301"
"https://illumination-k.dev/techblog/posts/make_blog_5","https://illumination-k.dev/techblog/post/ebaa13d3-6af6-4c07-afb9-977755a79dbc","301"
"https://illumination-k.dev/techblog/posts/make_blog_4","https://illumination-k.dev/techblog/post/ac895f1e-9e84-4d68-aa1c-229d69fa4db8","301"
"https://illumination-k.dev/techblog/posts/make_blog_3","https://illumination-k.dev/techblog/post/f3530c63-09a6-46da-bd19-c81f7241620b","301"
"https://illumination-k.dev/techblog/posts/make_blog_2","https://illumination-k.dev/techblog/post/364f008f-fec9-4d56-b78d-48848c42e17f","301"
"https://illumination-k.dev/techblog/posts/make_blog_1","https://illumination-k.dev/techblog/post/650b30b0-9fde-467b-b088-f1afd0e24e2e","301"
"https://illumination-k.dev/techblog/posts/json_png","https://illumination-k.dev/techblog/post/eff9cc47-a0d4-4c9e-9027-c15e13a88563","301"
"https://illumination-k.dev/techblog/posts/javascript_random","https://illumination-k.dev/techblog/post/9abd32f9-d55f-49d3-96c0-f851080bd301","301"
"https://illumination-k.dev/techblog/posts/javascript_class_shallow_copy","https://illumination-k.dev/techblog/post/8eaf357f-043b-4c78-91a3-f2cc6ffa28fe","301"
"https://illumination-k.dev/techblog/posts/codeblock_langname","https://illumination-k.dev/techblog/post/0406d898-77e7-493d-98ae-71b33b326a9a","301"
"https://illumination-k.dev/techblog/posts/todo_1","https://illumination-k.dev/techblog/post/8727aa04-89e5-4ce5-a4f6-ff60069c4eb8","301"
"https://illumination-k.dev/techblog/posts/seq_summary","https://illumination-k.dev/techblog/post/dbb49f31-2bca-4a97-857e-a1d7a95b645d","301"
"https://illumination-k.dev/techblog/posts/ngs_matome","https://illumination-k.dev/techblog/post/9b02e1bd-d793-4216-ae52-fe193e53b253","301"
"https://illumination-k.dev/techblog/posts/library_construction_reaction","https://illumination-k.dev/techblog/post/65c054ed-bee1-46df-b849-9a7f92ac6d6c","301"
"https://illumination-k.dev/techblog/posts/sra_upload_aspera","https://illumination-k.dev/techblog/post/081ab3f4-4203-4520-b5ad-4a91de58950f","301"
"https://illumination-k.dev/techblog/posts/sra_download","https://illumination-k.dev/techblog/post/37b8d936-c016-4aa0-bca6-9fe1e44ee901","301"
"https://illumination-k.dev/techblog/posts/salmon_tximport","https://illumination-k.dev/techblog/post/fb2efb0b-1ca6-48e5-983d-c425d5783598","301"
"https://illumination-k.dev/techblog/posts/rust_fastqgz","https://illumination-k.dev/techblog/post/198bf005-b169-4992-8ad5-667f594d84e0","301"
"https://illumination-k.dev/techblog/posts/qsubpy_easy","https://illumination-k.dev/techblog/post/42a992f4-83ad-4b68-8df0-400727d82205","301"
"https://illumination-k.dev/techblog/posts/phylogenetic_analysis","https://illumination-k.dev/techblog/post/1f8bac44-be7d-421e-9987-1b91b438eb04","301"
"https://illumination-k.dev/techblog/posts/phylo_raxmlng","https://illumination-k.dev/techblog/post/be2a3bba-070f-48fc-bcf2-38331e6a633a","301"
"https://illumination-k.dev/techblog/posts/interval_data_query","https://illumination-k.dev/techblog/post/7ff96bd4-843a-4eec-ace7-2f36b32507fe","301"
"https://illumination-k.dev/techblog/posts/go_term_basic","https://illumination-k.dev/techblog/post/8158f0c1-11fa-43d8-904f-f34bdf799bc9","301"
"https://illumination-k.dev/techblog/posts/go_enrich_plot_python","https://illumination-k.dev/techblog/post/58d811be-4bcd-498f-baaf-f67abe61794d","301"
"https://illumination-k.dev/techblog/posts/go_anno_deepgoplus","https://illumination-k.dev/techblog/post/9fa3f759-fdfa-45b6-8658-058a59be24e5","301"
"https://illumination-k.dev/techblog/posts/gatk4_ranseq_bestpractice","https://illumination-k.dev/techblog/post/27f1e7bc-f4ba-42ea-bac7-0a06c71362c7","301"
"https://illumination-k.dev/techblog/posts/gatk4_interval_list","https://illumination-k.dev/techblog/post/4b7129dc-69f0-4458-ba47-1c8e269c6dcb","301"
"https://illumination-k.dev/techblog/posts/cellranger_star","https://illumination-k.dev/techblog/post/07317ec6-015a-465d-9461-eb639f4c49e2","301"
"https://illumination-k.dev/techblog/posts/bioinformatics_file_format","https://illumination-k.dev/techblog/post/da91fbca-0240-45b9-b299-faddaae28346","301"
"https://illumination-k.dev/techblog/posts/sql_memo","https://illumination-k.dev/techblog/post/de87d9d5-2362-48d7-a31e-af9b33a234aa","301"
"https://illumination-k.dev/techblog/posts/fastapi_sqlarchemy_heroku","https://illumination-k.dev/techblog/post/355eb8b4-1c9e-4a0f-a1d9-4702acac26f8","301"
"https://illumination-k.dev/techblog/posts/aws_elasticapi","https://illumination-k.dev/techblog/post/428cbaba-1dc2-4887-88dd-ce9ccee4c0b6","301"
"https://illumination-k.dev/techblog/posts/manhattan","https://illumination-k.dev/techblog/post/64e0a71c-9c2b-433b-8927-c333e1c3253b","301"
"https://illumination-k.dev/techblog/posts/inclusion_and_exclusion_principle","https://illumination-k.dev/techblog/post/403440c7-acf4-4b1c-acd0-0f366044f63f","301"
"https://illumination-k.dev/techblog/posts/event_sort","https://illumination-k.dev/techblog/post/2b7e39bf-10bc-46f3-8cdf-cf9a03d160c8","301"
"https://illumination-k.dev/techblog/posts/diktstra_2d_rust","https://illumination-k.dev/techblog/post/286b23d0-52ae-4acd-af76-12265398b03e","301"
"https://illumination-k.dev/techblog/posts/dfs_tree","https://illumination-k.dev/techblog/post/695d0509-0a21-48a9-86c3-720acc0a21a4","301"
"https://illumination-k.dev/techblog/posts/competitive_memo","https://illumination-k.dev/techblog/post/baf93694-7e66-45bf-83a1-1e77e56c9228","301"
"https://illumination-k.dev/techblog/posts/bitsearch","https://illumination-k.dev/techblog/post/e0b5ed90-0b5e-406b-9b13-d7bb0185a74f","301"
